kaggle_id,matched_on_field,hf_dataset_source,prompt,completion,messages
thesantatitan_deepseek-svg-dataset_0001861,prompt,thesantatitan/deepseek-svg-dataset,"Generate svg code for an image that looks like: a black background with a white and red flower. Don't use markdown just give svg code
","
<think>

Alright, so the user is asking for an SVG code that creates an image with a black background and a white and red flower. They specified not to use markdown and just provide the SVG code. 

First, I need to structure the SVG properly. The basic structure includes the <svg> tag with width and height attributes. I'll set it to 400x400 for a square canvas.

Next, the background. I'll use a <rect> element covering the entire canvas with a black fill.

Now, for the flower. I'll need multiple layers: a white petal layer, a red center, and stems. 

The petals can be created using circles. I'll position them around the center point (200,200) at different angles using transform attributes. Each petal will be a circle with a white fill and a subtle stroke for texture.

The center of the flower will be another circle, smaller and red. This adds the vibrant center.

Stems can be represented with rectangles. I'll place them at the bottom and center, extending upwards to give the illusion of holding the flower.

I'll make sure all elements are positioned correctly and adjust the stroke widths for a more natural look. Testing with different numbers of petals and their positions to ensure symmetry and a cohesive design.

Finally, I'll compile all these elements within the SVG structure, ensuring proper nesting and attributes. Then, format it as per the user's request, placing the code within the <generated_svg> tags without any markdown.

</think>
<generated_svg><?xml version=""1.0"" encoding=""UTF-8""?>
<svg width=""400"" height=""400"" viewBox=""0 0 400 400"" xmlns=""http://www.w3.org/2000/svg"">
  <rect width=""400"" height=""400"" fill=""#000000""/>
  
  <!-- Flower petals -->
  <circle cx=""200"" cy=""200"" r=""50"" fill=""#FFFFFF"" stroke=""#FFFFFF"" stroke-width=""2"">
    <animate attributeName=""transform"" dur=""3s"" repeatCount=""indefinite"" from=""rotate(0 200 200)"" to=""rotate(360 200 200)"" />
  </circle>
  
  <!-- Red flower center -->
  <circle cx=""200"" cy=""200"" r=""25"" fill=""#FF0000""/>
  
  <!-- Flower stem -->
  <rect x=""195"" y=""250"" width=""10"" height=""150"" fill=""#FFFFFF"" stroke=""#666666"" stroke-width=""2""/>
</svg>
</generated_svg>
            ","[{'content': 'Respond in the following format:\n<think>\n...\n</think>\n...\n<generated_svg>\n...\n</generated_svg>\n', 'role': 'system'}
 {'content': ""Generate svg code for an image that looks like: a black background with a white and red flower. Don't use markdown just give svg code\n"", 'role': 'user'}
 {'content': '\n<think>\n\nAlright, so the user is asking for an SVG code that creates an image with a black background and a white and red flower. They specified not to use markdown and just provide the SVG code. \n\nFirst, I need to structure the SVG properly. The basic structure includes the <svg> tag with width and height attributes. I\'ll set it to 400x400 for a square canvas.\n\nNext, the background. I\'ll use a <rect> element covering the entire canvas with a black fill.\n\nNow, for the flower. I\'ll need multiple layers: a white petal layer, a red center, and stems. \n\nThe petals can be created using circles. I\'ll position them around the center point (200,200) at different angles using transform attributes. Each petal will be a circle with a white fill and a subtle stroke for texture.\n\nThe center of the flower will be another circle, smaller and red. This adds the vibrant center.\n\nStems can be represented with rectangles. I\'ll place them at the bottom and center, extending upwards to give the illusion of holding the flower.\n\nI\'ll make sure all elements are positioned correctly and adjust the stroke widths for a more natural look. Testing with different numbers of petals and their positions to ensure symmetry and a cohesive design.\n\nFinally, I\'ll compile all these elements within the SVG structure, ensuring proper nesting and attributes. Then, format it as per the user\'s request, placing the code within the <generated_svg> tags without any markdown.\n\n</think>\n<generated_svg><?xml version=""1.0"" encoding=""UTF-8""?>\n<svg width=""400"" height=""400"" viewBox=""0 0 400 400"" xmlns=""http://www.w3.org/2000/svg"">\n  <rect width=""400"" height=""400"" fill=""#000000""/>\n  \n  <!-- Flower petals -->\n  <circle cx=""200"" cy=""200"" r=""50"" fill=""#FFFFFF"" stroke=""#FFFFFF"" stroke-width=""2"">\n    <animate attributeName=""transform"" dur=""3s"" repeatCount=""indefinite"" from=""rotate(0 200 200)"" to=""rotate(360 200 200)"" />\n  </circle>\n  \n  <!-- Red flower center -->\n  <circle cx=""200"" cy=""200"" r=""25"" fill=""#FF0000""/>\n  \n  <!-- Flower stem -->\n  <rect x=""195"" y=""250"" width=""10"" height=""150"" fill=""#FFFFFF"" stroke=""#666666"" stroke-width=""2""/>\n</svg>\n</generated_svg>\n            ', 'role': 'assistant'}]"
thesantatitan_deepseek-svg-dataset_0004275,prompt,thesantatitan/deepseek-svg-dataset,"Generate svg code for an image that looks like: the logo for the company. Don't use markdown just give svg code
","
<think>

Alright, the user wants me to generate SVG code for a company logo. They mentioned not to use markdown and just provide the SVG code. I need to make sure the response is just the SVG within the specified XML tags.

First, I should think about what the logo typically looks like. Usually, company logos have a shape, some text, and maybe some gradients or effects. To make it simple yet effective, I'll create a rectangle with rounded corners to give it a modern look. Using a gradient will add a professional touch.

I'll choose colors that are commonly used in logos, like blues and purples, which convey trust and innovation. The gradient will transition from deep blue to a cyan and then to purple, giving it a dynamic feel.

Next, I'll add a white circle inside the rectangle to make the logo stand out. This circle can represent unity or a focus point. Placing it off-center a bit will add some visual interest.

For typography, a bold sans-serif font like Arial is clean and readable. The company name ""ExampleCorp"" should be centered below the shape. Using a gradient for the text color will tie it into the overall design, making it cohesive.

I'll set the dimensions to be square, 300x300 pixels, which is versatile for different uses. Inside the rectangle, I'll define the gradient stops to ensure smooth color transitions. The circle will have a white fill to contrast against the gradient background.

Finally, I'll structure the SVG with all these elements, ensuring proper nesting and attribute usage. This should result in a professional-looking logo that the user can easily customize further if needed.

</think>
<generated_svg><?xml version=""1.0"" encoding=""UTF-8""?>
<svg width=""300px"" height=""300px"" viewBox=""0 0 300 300"" xmlns=""http://www.w3.org/2000/svg"">
  <g>
    <!-- Company Logo Shape -->
    <rect x=""20"" y=""20"" width=""260"" height=""260"" rx=""30"" fill=""url(#logoGradient)"">
      <animate attributeName=""rx"" from=""30"" to=""60"" dur=""3s"" repeatCount=""indefinite"" />
    </rect>
    
    <!-- Gradient Definition -->
    <defs>
      <linearGradient id=""logoGradient"">
        <stop offset=""0%"" style=""stop-color:#1a365d;stop-opacity:1"" />
        <stop offset=""50%"" style=""stop-color:#00ffd8;stop-opacity:1"" />
        <stop offset=""100%"" style=""stop-color:#8c43ff;stop-opacity:1"" />
      </linearGradient>
    </defs>

    <!-- Center Circle -->
    <circle cx=""150"" cy=""120"" r=""30"" fill=""#ffffff"" />
    
    <!-- Text -->
    <text x=""50%"" y=""70%"" dominant-baseline=""middle"" text-anchor=""middle"" font-family=""Arial, sans-serif"" font-size=""28"" font-weight=""bold"" fill=""url(#textGradient)"">
      ExampleCorp
    </text>
    
    <!-- Text Gradient -->
    <defs>
      <linearGradient id=""textGradient"">
        <stop offset=""0%"" style=""stop-color:#1a365d;stop-opacity:1"" />
        <stop offset=""100%"" style=""stop-color:#8c43ff;stop-opacity:1"" />
      </linearGradient>
    </defs>
  </g>
</svg></generated_svg>
            ","[{'content': 'Respond in the following format:\n<think>\n...\n</think>\n...\n<generated_svg>\n...\n</generated_svg>\n', 'role': 'system'}
 {'content': ""Generate svg code for an image that looks like: the logo for the company. Don't use markdown just give svg code\n"", 'role': 'user'}
 {'content': '\n<think>\n\nAlright, the user wants me to generate SVG code for a company logo. They mentioned not to use markdown and just provide the SVG code. I need to make sure the response is just the SVG within the specified XML tags.\n\nFirst, I should think about what the logo typically looks like. Usually, company logos have a shape, some text, and maybe some gradients or effects. To make it simple yet effective, I\'ll create a rectangle with rounded corners to give it a modern look. Using a gradient will add a professional touch.\n\nI\'ll choose colors that are commonly used in logos, like blues and purples, which convey trust and innovation. The gradient will transition from deep blue to a cyan and then to purple, giving it a dynamic feel.\n\nNext, I\'ll add a white circle inside the rectangle to make the logo stand out. This circle can represent unity or a focus point. Placing it off-center a bit will add some visual interest.\n\nFor typography, a bold sans-serif font like Arial is clean and readable. The company name ""ExampleCorp"" should be centered below the shape. Using a gradient for the text color will tie it into the overall design, making it cohesive.\n\nI\'ll set the dimensions to be square, 300x300 pixels, which is versatile for different uses. Inside the rectangle, I\'ll define the gradient stops to ensure smooth color transitions. The circle will have a white fill to contrast against the gradient background.\n\nFinally, I\'ll structure the SVG with all these elements, ensuring proper nesting and attribute usage. This should result in a professional-looking logo that the user can easily customize further if needed.\n\n</think>\n<generated_svg><?xml version=""1.0"" encoding=""UTF-8""?>\n<svg width=""300px"" height=""300px"" viewBox=""0 0 300 300"" xmlns=""http://www.w3.org/2000/svg"">\n  <g>\n    <!-- Company Logo Shape -->\n    <rect x=""20"" y=""20"" width=""260"" height=""260"" rx=""30"" fill=""url(#logoGradient)"">\n      <animate attributeName=""rx"" from=""30"" to=""60"" dur=""3s"" repeatCount=""indefinite"" />\n    </rect>\n    \n    <!-- Gradient Definition -->\n    <defs>\n      <linearGradient id=""logoGradient"">\n        <stop offset=""0%"" style=""stop-color:#1a365d;stop-opacity:1"" />\n        <stop offset=""50%"" style=""stop-color:#00ffd8;stop-opacity:1"" />\n        <stop offset=""100%"" style=""stop-color:#8c43ff;stop-opacity:1"" />\n      </linearGradient>\n    </defs>\n\n    <!-- Center Circle -->\n    <circle cx=""150"" cy=""120"" r=""30"" fill=""#ffffff"" />\n    \n    <!-- Text -->\n    <text x=""50%"" y=""70%"" dominant-baseline=""middle"" text-anchor=""middle"" font-family=""Arial, sans-serif"" font-size=""28"" font-weight=""bold"" fill=""url(#textGradient)"">\n      ExampleCorp\n    </text>\n    \n    <!-- Text Gradient -->\n    <defs>\n      <linearGradient id=""textGradient"">\n        <stop offset=""0%"" style=""stop-color:#1a365d;stop-opacity:1"" />\n        <stop offset=""100%"" style=""stop-color:#8c43ff;stop-opacity:1"" />\n      </linearGradient>\n    </defs>\n  </g>\n</svg></generated_svg>\n            ', 'role': 'assistant'}]"
thesantatitan_deepseek-svg-dataset_0000834,prompt,thesantatitan/deepseek-svg-dataset,"Generate svg code for an image that looks like: the logo for the new logo for the new logo. Don't use markdown just give svg code
","
<think>

Alright, the user wants an SVG code for a logo that's a bit recursive, saying ""the logo for the new logo for the new logo."" Hmm, how do I approach this?

I think they're looking for a design that repeats the phrase in a way, maybe creating some layers or a spiral effect. Since it's an SVG, I can use text elements and maybe some circles or curves to make it visually interesting.

I'll start with a simple structure. Maybe a central circle with the main text, then smaller circles around it with the repeated phrases. That could give it a logo-like feel with some depth.

I'll use SVG circles for the main shape and text elements for the words. The circles can have different opacities to create a layered effect. Maybe a gradient fill to make it more appealing.

For the text, I'll place it in the center and have smaller text elements around it, each repeating the phrase but getting smaller. This way, it visually represents the recursive idea of ""new logo.""

I should keep the colors neutral and professional. Maybe a light blue gradient for the circles and black text for clarity.

Let me draft the SVG elements: a main circle, some surrounding circles with the repeated text, and ensure the viewBox is set properly for responsiveness.

Testing it in my mind, it should display a central logo with surrounding elements, each diminishing in size. That should capture the essence of the recursive logo concept.

</think>
<generated_svg>
<svg xmlns=""http://www.w3.org/2000/svg"" viewBox=""0 0 200 200"" width=""200"" height=""200"">
  <g transform=""translate(100,100)"">
    <circle r=""60"" fill=""#e6f2ff"" stroke=""#3366cc"" stroke-width=""2"" />
    <text x=""-50"" y=""-5"" font-size=""12"" fill=""#333"">
      The Logo for the New Logo
    </text>
    <circle r=""10"" cx=""60"" cy=""-60"" fill=""#e6f2ff"" stroke=""#3366cc"" stroke-width=""1"" opacity=""0.8"" />
    <text x=""50"" y=""-50"" font-size=""8"" fill=""#333"">
      The New Logo
    </text>
    <circle r=""10"" cx=""-60"" cy=""-60"" fill=""#e6f2ff"" stroke=""#3366cc"" stroke-width=""1"" opacity=""0.8"" />
    <text x=""-60"" y=""-50"" font-size=""8"" fill=""#333"">
      New Logo Design
    </text>
    <circle r=""10"" cx=""60"" cy=""60"" fill=""#e6f2ff"" stroke=""#3366cc"" stroke-width=""1"" opacity=""0.8"" />
    <text x=""50"" y=""50"" font-size=""8"" fill=""#333"">
      Recursive Logo
    </text>
    <circle r=""10"" cx=""-60"" cy=""60"" fill=""#e6f2ff"" stroke=""#3366cc"" stroke-width=""1"" opacity=""0.8"" />
    <text x=""-60"" y=""50"" font-size=""8"" fill=""#333"">
      Logoception
    </text>
  </g>
</svg>
</generated_svg>
            ","[{'content': 'Respond in the following format:\n<think>\n...\n</think>\n...\n<generated_svg>\n...\n</generated_svg>\n', 'role': 'system'}
 {'content': ""Generate svg code for an image that looks like: the logo for the new logo for the new logo. Don't use markdown just give svg code\n"", 'role': 'user'}
 {'content': '\n<think>\n\nAlright, the user wants an SVG code for a logo that\'s a bit recursive, saying ""the logo for the new logo for the new logo."" Hmm, how do I approach this?\n\nI think they\'re looking for a design that repeats the phrase in a way, maybe creating some layers or a spiral effect. Since it\'s an SVG, I can use text elements and maybe some circles or curves to make it visually interesting.\n\nI\'ll start with a simple structure. Maybe a central circle with the main text, then smaller circles around it with the repeated phrases. That could give it a logo-like feel with some depth.\n\nI\'ll use SVG circles for the main shape and text elements for the words. The circles can have different opacities to create a layered effect. Maybe a gradient fill to make it more appealing.\n\nFor the text, I\'ll place it in the center and have smaller text elements around it, each repeating the phrase but getting smaller. This way, it visually represents the recursive idea of ""new logo.""\n\nI should keep the colors neutral and professional. Maybe a light blue gradient for the circles and black text for clarity.\n\nLet me draft the SVG elements: a main circle, some surrounding circles with the repeated text, and ensure the viewBox is set properly for responsiveness.\n\nTesting it in my mind, it should display a central logo with surrounding elements, each diminishing in size. That should capture the essence of the recursive logo concept.\n\n</think>\n<generated_svg>\n<svg xmlns=""http://www.w3.org/2000/svg"" viewBox=""0 0 200 200"" width=""200"" height=""200"">\n  <g transform=""translate(100,100)"">\n    <circle r=""60"" fill=""#e6f2ff"" stroke=""#3366cc"" stroke-width=""2"" />\n    <text x=""-50"" y=""-5"" font-size=""12"" fill=""#333"">\n      The Logo for the New Logo\n    </text>\n    <circle r=""10"" cx=""60"" cy=""-60"" fill=""#e6f2ff"" stroke=""#3366cc"" stroke-width=""1"" opacity=""0.8"" />\n    <text x=""50"" y=""-50"" font-size=""8"" fill=""#333"">\n      The New Logo\n    </text>\n    <circle r=""10"" cx=""-60"" cy=""-60"" fill=""#e6f2ff"" stroke=""#3366cc"" stroke-width=""1"" opacity=""0.8"" />\n    <text x=""-60"" y=""-50"" font-size=""8"" fill=""#333"">\n      New Logo Design\n    </text>\n    <circle r=""10"" cx=""60"" cy=""60"" fill=""#e6f2ff"" stroke=""#3366cc"" stroke-width=""1"" opacity=""0.8"" />\n    <text x=""50"" y=""50"" font-size=""8"" fill=""#333"">\n      Recursive Logo\n    </text>\n    <circle r=""10"" cx=""-60"" cy=""60"" fill=""#e6f2ff"" stroke=""#3366cc"" stroke-width=""1"" opacity=""0.8"" />\n    <text x=""-60"" y=""50"" font-size=""8"" fill=""#333"">\n      Logoception\n    </text>\n  </g>\n</svg>\n</generated_svg>\n            ', 'role': 'assistant'}]"
thesantatitan_deepseek-svg-dataset_0003106,prompt,thesantatitan/deepseek-svg-dataset,"Generate svg code for an image that looks like: the logo for the new york school of medicine. Don't use markdown just give svg code
",No valid response from model.,"[{'content': 'Respond in the following format:\n<think>\n...\n</think>\n...\n<generated_svg>\n...\n</generated_svg>\n', 'role': 'system'}
 {'content': ""Generate svg code for an image that looks like: the logo for the new york school of medicine. Don't use markdown just give svg code\n"", 'role': 'user'}
 {'content': 'No valid response from model.', 'role': 'assistant'}]"
thesantatitan_deepseek-svg-dataset_0000687,prompt,thesantatitan/deepseek-svg-dataset,"Generate svg code for an image that looks like: a bicycle with a yellow seat and black background. Don't use markdown just give svg code
","
<think>

Alright, the user is asking me to generate SVG code for a bicycle. They specified a yellow seat and a black background, and they don't want any markdown, just the SVG code. 

First, I'll start by setting up the basic SVG structure. I'll use a standard width and height, say 400x200, which should be sufficient for a simple image. The background is black, so I'll set the fill color of the SVG element to black.

Next, I'll work on the bicycle frame. I'll use a path element to draw the main structure. Starting from the left wheel, I'll go up to the seat area, then forward to the right wheel. To add some detail, I'll include a small line near the seat tube. This should give the frame a basic yet recognizable shape.

For the wheels, I'll create two circles positioned on either side of the frame. I'll set their fill to black and add white strokes to represent the spokes. Using a stroke-linecap of round will make the spokes look nicer.

The seat is the next part. The user wants it yellow, so I'll create a rectangle positioned near the top of the frame. It should have rounded corners, so I'll set the rx and ry attributes to a reasonable value, like 10. This makes the seat look more comfortable and adds a touch of color.

The saddle on the seat will be a smaller rectangle. I'll place it on top of the yellow seat rectangle, using a dark color like black to contrast against the yellow.

To give the bicycle a bit of depth, I'll add a simple black line from the seat to the rear wheel. This line can help guide the eye and make the image more dynamic.

Finally, I'll test the SVG code by visualizing it in my mind. The frame should be visible against the black background, the wheels should look like circles with spokes, the seat is yellow, and the saddle is black. The line from the seat to the wheel adds a nice touch. 

I think that covers all the user's requirements. No markdown, just clean SVG code with all the necessary elements.

</think>
<generated_svg>
<svg width=""400"" height=""200"" viewBox=""0 0 400 200"" fill=""black"">
    <!-- Bicycle Frame -->
    <path d=""M50,150 L100,180 L300,100 L350,180 L350,180 L300,100 L250,170"" stroke=""white"" stroke-width=""5"" fill=""none""/>
    
    <!-- Wheels -->
    <circle cx=""100"" cy=""180"" r=""20"" fill=""black"" stroke=""white"" stroke-width=""2""/>
    <circle cx=""300"" cy=""100"" r=""20"" fill=""black"" stroke=""white"" stroke-width=""2""/>
    
    <!-- Spokes -->
    <line x1=""100"" y1=""180"" x2=""115"" y2=""180"" stroke=""white"" stroke-width=""1"" stroke-linecap=""round""/>
    <line x1=""100"" y1=""180"" x2=""85"" y2=""180"" stroke=""white"" stroke-width=""1"" stroke-linecap=""round""/>
    <line x1=""300"" y1=""100"" x2=""315"" y2=""100"" stroke=""white"" stroke-width=""1"" stroke-linecap=""round""/>
    <line x1=""300"" y1=""100"" x2=""285"" y2=""100"" stroke=""white"" stroke-width=""1"" stroke-linecap=""round""/>
    
    <!-- Seat -->
    <rect x=""170"" y=""50"" width=""60"" height=""20"" rx=""10"" ry=""10"" fill=""yellow""/>
    
    <!-- Saddle -->
    <rect x=""175"" y=""55"" width=""50"" height=""10"" fill=""black""/>
    
    <!-- Chain -->
    <line x1=""170"" y1=""100"" x2=""350"" y2=""180"" stroke=""white"" stroke-width=""3""/>
</svg>
</generated_svg>
            ","[{'content': 'Respond in the following format:\n<think>\n...\n</think>\n...\n<generated_svg>\n...\n</generated_svg>\n', 'role': 'system'}
 {'content': ""Generate svg code for an image that looks like: a bicycle with a yellow seat and black background. Don't use markdown just give svg code\n"", 'role': 'user'}
 {'content': '\n<think>\n\nAlright, the user is asking me to generate SVG code for a bicycle. They specified a yellow seat and a black background, and they don\'t want any markdown, just the SVG code. \n\nFirst, I\'ll start by setting up the basic SVG structure. I\'ll use a standard width and height, say 400x200, which should be sufficient for a simple image. The background is black, so I\'ll set the fill color of the SVG element to black.\n\nNext, I\'ll work on the bicycle frame. I\'ll use a path element to draw the main structure. Starting from the left wheel, I\'ll go up to the seat area, then forward to the right wheel. To add some detail, I\'ll include a small line near the seat tube. This should give the frame a basic yet recognizable shape.\n\nFor the wheels, I\'ll create two circles positioned on either side of the frame. I\'ll set their fill to black and add white strokes to represent the spokes. Using a stroke-linecap of round will make the spokes look nicer.\n\nThe seat is the next part. The user wants it yellow, so I\'ll create a rectangle positioned near the top of the frame. It should have rounded corners, so I\'ll set the rx and ry attributes to a reasonable value, like 10. This makes the seat look more comfortable and adds a touch of color.\n\nThe saddle on the seat will be a smaller rectangle. I\'ll place it on top of the yellow seat rectangle, using a dark color like black to contrast against the yellow.\n\nTo give the bicycle a bit of depth, I\'ll add a simple black line from the seat to the rear wheel. This line can help guide the eye and make the image more dynamic.\n\nFinally, I\'ll test the SVG code by visualizing it in my mind. The frame should be visible against the black background, the wheels should look like circles with spokes, the seat is yellow, and the saddle is black. The line from the seat to the wheel adds a nice touch. \n\nI think that covers all the user\'s requirements. No markdown, just clean SVG code with all the necessary elements.\n\n</think>\n<generated_svg>\n<svg width=""400"" height=""200"" viewBox=""0 0 400 200"" fill=""black"">\n    <!-- Bicycle Frame -->\n    <path d=""M50,150 L100,180 L300,100 L350,180 L350,180 L300,100 L250,170"" stroke=""white"" stroke-width=""5"" fill=""none""/>\n    \n    <!-- Wheels -->\n    <circle cx=""100"" cy=""180"" r=""20"" fill=""black"" stroke=""white"" stroke-width=""2""/>\n    <circle cx=""300"" cy=""100"" r=""20"" fill=""black"" stroke=""white"" stroke-width=""2""/>\n    \n    <!-- Spokes -->\n    <line x1=""100"" y1=""180"" x2=""115"" y2=""180"" stroke=""white"" stroke-width=""1"" stroke-linecap=""round""/>\n    <line x1=""100"" y1=""180"" x2=""85"" y2=""180"" stroke=""white"" stroke-width=""1"" stroke-linecap=""round""/>\n    <line x1=""300"" y1=""100"" x2=""315"" y2=""100"" stroke=""white"" stroke-width=""1"" stroke-linecap=""round""/>\n    <line x1=""300"" y1=""100"" x2=""285"" y2=""100"" stroke=""white"" stroke-width=""1"" stroke-linecap=""round""/>\n    \n    <!-- Seat -->\n    <rect x=""170"" y=""50"" width=""60"" height=""20"" rx=""10"" ry=""10"" fill=""yellow""/>\n    \n    <!-- Saddle -->\n    <rect x=""175"" y=""55"" width=""50"" height=""10"" fill=""black""/>\n    \n    <!-- Chain -->\n    <line x1=""170"" y1=""100"" x2=""350"" y2=""180"" stroke=""white"" stroke-width=""3""/>\n</svg>\n</generated_svg>\n            ', 'role': 'assistant'}]"
thesantatitan_deepseek-svg-dataset_0004683,prompt,thesantatitan/deepseek-svg-dataset,"Generate svg code for an image that looks like: a bus icon. Don't use markdown just give svg code
","
<think>

Alright, let me break down how I approached creating the SVG code for the bus icon. 

First, I recognized that a bus icon typically has a rectangular body with rounded edges to mimic the front and back of a bus. So, I started with a rectangle element, setting its width and height appropriately. To give it that rounded look, I adjusted the rx attribute on the top sides, making the top edges slightly rounded.

Next, I wanted to add depth to the icon to make it look more three-dimensional. I decided on adding a darker rectangle inside the main body. This inner rectangle is slightly smaller than the outer one, using a darker RGB color. By aligning it to the bottom, it creates the illusion of a shadow or depth, which is common in icon design to add realism without complicating the shape.

I thought about adding windows to the bus to give it more detail. Instead of drawing individual rectangles, which can be tedious, I opted for a simple line that suggests multiple windows. This line, positioned towards the top and spanning the width of the bus, is subtle yet effective in conveying the presence of windows without overcomplicating the SVG.

To avoid clutter, I kept the windows minimal but distinct. The line isn't too thick, ensuring it doesn't overpower the rest of the icon. This approach maintains simplicity while adding necessary detail.

For the door, I considered a small rectangle placed towards the bottom, slightly indented from the sides. Using a contrasting color, it stands out as a distinct feature, making the door easily recognizable at a glance. This adds to the overall structure of the bus without making the icon too busy.

Balancing simplicity and detail was crucial. I aimed to create an icon that's immediately recognizable as a bus but remains clean and uncluttered. By using basic shapes like rectangles and lines, the SVG remains efficient and lightweight.

Finally, I reviewed the entire structure to ensure each element contributes to the overall design without redundancy. This methodical approach allowed me to construct a clear, concise SVG that effectively represents a bus icon.

</think>
<generated_svg><?xml version=""1.0"" encoding=""utf-8""?>
<svg xmlns=""http://www.w3.org/2000/svg"" viewBox=""0 0 24 24"" width=""24"" height=""24"">
  <rect x=""2"" y=""5"" width=""20"" height=""15"" rx=""2"" fill=""none"" stroke=""currentColor"" stroke-width=""1.5""/>
  <rect x=""3"" y=""14"" width=""18"" height=""5"" rx=""1"" fill=""#333"" fill-opacity=""0.3"" />
  <path d=""M6.5 7H17.5"" stroke=""currentColor"" stroke-width=""1.5""/>
  <rect x=""10"" y=""18"" width=""4"" height=""2"" fill=""currentColor""/>
</svg></generated_svg>
            ","[{'content': 'Respond in the following format:\n<think>\n...\n</think>\n...\n<generated_svg>\n...\n</generated_svg>\n', 'role': 'system'}
 {'content': ""Generate svg code for an image that looks like: a bus icon. Don't use markdown just give svg code\n"", 'role': 'user'}
 {'content': '\n<think>\n\nAlright, let me break down how I approached creating the SVG code for the bus icon. \n\nFirst, I recognized that a bus icon typically has a rectangular body with rounded edges to mimic the front and back of a bus. So, I started with a rectangle element, setting its width and height appropriately. To give it that rounded look, I adjusted the rx attribute on the top sides, making the top edges slightly rounded.\n\nNext, I wanted to add depth to the icon to make it look more three-dimensional. I decided on adding a darker rectangle inside the main body. This inner rectangle is slightly smaller than the outer one, using a darker RGB color. By aligning it to the bottom, it creates the illusion of a shadow or depth, which is common in icon design to add realism without complicating the shape.\n\nI thought about adding windows to the bus to give it more detail. Instead of drawing individual rectangles, which can be tedious, I opted for a simple line that suggests multiple windows. This line, positioned towards the top and spanning the width of the bus, is subtle yet effective in conveying the presence of windows without overcomplicating the SVG.\n\nTo avoid clutter, I kept the windows minimal but distinct. The line isn\'t too thick, ensuring it doesn\'t overpower the rest of the icon. This approach maintains simplicity while adding necessary detail.\n\nFor the door, I considered a small rectangle placed towards the bottom, slightly indented from the sides. Using a contrasting color, it stands out as a distinct feature, making the door easily recognizable at a glance. This adds to the overall structure of the bus without making the icon too busy.\n\nBalancing simplicity and detail was crucial. I aimed to create an icon that\'s immediately recognizable as a bus but remains clean and uncluttered. By using basic shapes like rectangles and lines, the SVG remains efficient and lightweight.\n\nFinally, I reviewed the entire structure to ensure each element contributes to the overall design without redundancy. This methodical approach allowed me to construct a clear, concise SVG that effectively represents a bus icon.\n\n</think>\n<generated_svg><?xml version=""1.0"" encoding=""utf-8""?>\n<svg xmlns=""http://www.w3.org/2000/svg"" viewBox=""0 0 24 24"" width=""24"" height=""24"">\n  <rect x=""2"" y=""5"" width=""20"" height=""15"" rx=""2"" fill=""none"" stroke=""currentColor"" stroke-width=""1.5""/>\n  <rect x=""3"" y=""14"" width=""18"" height=""5"" rx=""1"" fill=""#333"" fill-opacity=""0.3"" />\n  <path d=""M6.5 7H17.5"" stroke=""currentColor"" stroke-width=""1.5""/>\n  <rect x=""10"" y=""18"" width=""4"" height=""2"" fill=""currentColor""/>\n</svg></generated_svg>\n            ', 'role': 'assistant'}]"
thesantatitan_deepseek-svg-dataset_0001094,prompt,thesantatitan/deepseek-svg-dataset,"Generate svg code for an image that looks like: a woman standing behind a table full of fruit. Don't use markdown just give svg code
","
<think>

Okay, so the user wants an SVG image of a woman standing behind a table full of fruit. Let me break this down.

First, I need to visualize the scene. A table with fruit, and a woman behind it. The table should be simple, maybe with legs. The woman should be in a pose that looks natural, maybe holding something or just standing.

I'll start with the table. Using rectangles for the tabletop and legs should work. I'll position them so the table is centered, maybe around x=300, y=250 for the top.

Next, the fruit. I'll use circles for apples and bananas, and maybe an oval for a pear. Different colors will help distinguish them. Placing them randomly on the table to look natural.

Now, the woman. She needs to be behind the table, so her position should be slightly behind it. I'll create her body with simple shapes: a head (circle), body (rectangle), arms (rectangles), and legs (rectangles). Adding shoes as small rectangles.

I should make sure the woman is to the left of the table, so she's clearly behind it. Her colors can be simpler, maybe skin tone and dark hair.

Putting it all together, I'll structure the SVG with the table first, then the fruit, and finally the woman. Each element should be positioned correctly using transform attributes.

I need to test the positions to ensure nothing overlaps incorrectly. Maybe adjust the x and y values if needed.

Finally, I'll present the SVG code without any markdown, just the code inside the specified tags.

</think>
<generated_svg>
<svg width=""600"" height=""400"" viewBox=""0 0 600 400"" fill=""none"" xmlns=""http://www.w3.org/2000/svg"">
<path d=""M200 300 H400 L420 320 L380 340 L340 340 L300 320 Z"" fill=""#654321""/>
<path d=""M305 235 L265 235 L260 250 L300 250 Z"" fill=""#8B4513""/>
<path d=""M335 235 L375 235 L380 250 L340 250 Z"" fill=""#8B4513""/>
<path d=""M200 250 L400 250 L420 270 L380 270 Z"" fill=""#8B4513""/>
<path d=""M310 195 L280 195 L270 210 L300 210 Z"" fill=""#ff9999""/>
<path d=""M320 185 L340 185 L330 200 L315 200 Z"" fill=""#99ff99""/>
<path d=""M350 195 L380 195 L370 210 L355 210 Z"" fill=""#ffff99""/>
<path d=""M280 185 L300 185 L295 200 L285 200 Z"" fill=""#9999ff""/>
<path d=""M345 175 L365 175 L360 190 L345 190 Z"" fill=""#ff9999""/>
<path d=""M300 270 L315 270 L310 285 L295 285 Z"" fill=""#8B4513""/>
<path d=""M375 270 L390 270 L385 285 L370 285 Z"" fill=""#8B4513""/>
<path d=""M450 330 L470 330 L460 350 L450 350 Z"" fill=""#FFA07A""/>
<path d=""M450 360 L470 360 L460 380 L450 380 Z"" fill=""#FFA07A""/>
<path d=""M450 390 L470 390 L460 410 L450 410 Z"" fill=""#FFA07A""/>
<path d=""M450 420 L470 420 L460 440 L450 440 Z"" fill=""#FFA07A""/>
<path d=""M240 350 L260 350 L255 365 L245 365 Z"" fill=""#FFA07A""/>
<path d=""M240 380 L260 380 L255 395 L245 395 Z"" fill=""#FFA07A""/>
<path d=""M240 410 L260 410 L255 425 L245 425 Z"" fill=""#FFA07A""/>
<path d=""M240 440 L260 440 L255 455 L245 455 Z"" fill=""#FFA07A""/>
<path d=""M200 150 L400 150 L420 170 L380 170 Z"" fill=""#8B4513""/>
<path d=""M200 170 L400 170 L420 190 L380 190 Z"" fill=""#8B4513""/>
<path d=""M200 190 L400 190 L420 210 L380 210 Z"" fill=""#8B4513""/>
<path d=""M200 210 L400 210 L420 230 L380 230 Z"" fill=""#8B4513""/>
<path d=""M200 230 L400 230 L420 250 L380 250 Z"" fill=""#8B4513""/>
<path d=""M200 250 L400 250 L420 270 L380 270 Z"" fill=""#8B4513""/>
<path d=""M200 270 L400 270 L420 290 L380 290 Z"" fill=""#8B4513""/>
<path d=""M200 290 L400 290 L420 310 L380 310 Z"" fill=""#8B4513""/>
<path d=""M200 310 L400 310 L420 330 L380 330 Z"" fill=""#8B4513""/>
<path d=""M200 330 L400 330 L420 350 L380 350 Z"" fill=""#8B4513""/>
<path d=""M200 350 L400 350 L420 370 L380 370 Z"" fill=""#8B4513""/>
<path d=""M200 370 L400 370 L420 390 L380 390 Z"" fill=""#8B4513""/>
<path d=""M200 390 L400 390 L420 410 L380 410 Z"" fill=""#8B4513""/>
<path d=""M200 410 L400 410 L420 430 L380 430 Z"" fill=""#8B4513""/>
<path d=""M200 430 L400 430 L420 450 L380 450 Z"" fill=""#8B4513""/>
<path d=""M300 200 L320 200 L315 215 L295 215 Z"" fill=""#FFD700""/>
<path d=""M320 220 L340 220 L335 235 L325 235 Z"" fill=""#FFD700""/>
<path d=""M340 240 L360 240 L355 255 L345 255 Z"" fill=""#FFD700""/>
<path d=""M360 260 L380 260 L375 275 L365 275 Z"" fill=""#FFD700""/>
<path d=""M220 220 L240 220 L235 235 L225 235 Z"" fill=""#FFD700""/>
<path d=""M240 240 L260 240 L255 255 L245 255 Z"" fill=""#FFD700""/>
<path d=""M260 260 L280 260 L275 275 L265 275 Z"" fill=""#FFD700""/>
<path d=""M280 280 L300 280 L295 295 L285 295 Z"" fill=""#FFD700""/>
<path d=""M300 300 L320 300 L315 315 L295 315 Z"" fill=""#FFD700""/>
<path d=""M320 320 L340 320 L335 335 L325 335 Z"" fill=""#FFD700""/>
<path d=""M340 340 L360 340 L355 355 L345 355 Z"" fill=""#FFD700""/>
<path d=""M360 360 L380 360 L375 375 L365 375 Z"" fill=""#FFD700""/>
</svg>
</generated_svg>
            ","[{'content': 'Respond in the following format:\n<think>\n...\n</think>\n...\n<generated_svg>\n...\n</generated_svg>\n', 'role': 'system'}
 {'content': ""Generate svg code for an image that looks like: a woman standing behind a table full of fruit. Don't use markdown just give svg code\n"", 'role': 'user'}
 {'content': '\n<think>\n\nOkay, so the user wants an SVG image of a woman standing behind a table full of fruit. Let me break this down.\n\nFirst, I need to visualize the scene. A table with fruit, and a woman behind it. The table should be simple, maybe with legs. The woman should be in a pose that looks natural, maybe holding something or just standing.\n\nI\'ll start with the table. Using rectangles for the tabletop and legs should work. I\'ll position them so the table is centered, maybe around x=300, y=250 for the top.\n\nNext, the fruit. I\'ll use circles for apples and bananas, and maybe an oval for a pear. Different colors will help distinguish them. Placing them randomly on the table to look natural.\n\nNow, the woman. She needs to be behind the table, so her position should be slightly behind it. I\'ll create her body with simple shapes: a head (circle), body (rectangle), arms (rectangles), and legs (rectangles). Adding shoes as small rectangles.\n\nI should make sure the woman is to the left of the table, so she\'s clearly behind it. Her colors can be simpler, maybe skin tone and dark hair.\n\nPutting it all together, I\'ll structure the SVG with the table first, then the fruit, and finally the woman. Each element should be positioned correctly using transform attributes.\n\nI need to test the positions to ensure nothing overlaps incorrectly. Maybe adjust the x and y values if needed.\n\nFinally, I\'ll present the SVG code without any markdown, just the code inside the specified tags.\n\n</think>\n<generated_svg>\n<svg width=""600"" height=""400"" viewBox=""0 0 600 400"" fill=""none"" xmlns=""http://www.w3.org/2000/svg"">\n<path d=""M200 300 H400 L420 320 L380 340 L340 340 L300 320 Z"" fill=""#654321""/>\n<path d=""M305 235 L265 235 L260 250 L300 250 Z"" fill=""#8B4513""/>\n<path d=""M335 235 L375 235 L380 250 L340 250 Z"" fill=""#8B4513""/>\n<path d=""M200 250 L400 250 L420 270 L380 270 Z"" fill=""#8B4513""/>\n<path d=""M310 195 L280 195 L270 210 L300 210 Z"" fill=""#ff9999""/>\n<path d=""M320 185 L340 185 L330 200 L315 200 Z"" fill=""#99ff99""/>\n<path d=""M350 195 L380 195 L370 210 L355 210 Z"" fill=""#ffff99""/>\n<path d=""M280 185 L300 185 L295 200 L285 200 Z"" fill=""#9999ff""/>\n<path d=""M345 175 L365 175 L360 190 L345 190 Z"" fill=""#ff9999""/>\n<path d=""M300 270 L315 270 L310 285 L295 285 Z"" fill=""#8B4513""/>\n<path d=""M375 270 L390 270 L385 285 L370 285 Z"" fill=""#8B4513""/>\n<path d=""M450 330 L470 330 L460 350 L450 350 Z"" fill=""#FFA07A""/>\n<path d=""M450 360 L470 360 L460 380 L450 380 Z"" fill=""#FFA07A""/>\n<path d=""M450 390 L470 390 L460 410 L450 410 Z"" fill=""#FFA07A""/>\n<path d=""M450 420 L470 420 L460 440 L450 440 Z"" fill=""#FFA07A""/>\n<path d=""M240 350 L260 350 L255 365 L245 365 Z"" fill=""#FFA07A""/>\n<path d=""M240 380 L260 380 L255 395 L245 395 Z"" fill=""#FFA07A""/>\n<path d=""M240 410 L260 410 L255 425 L245 425 Z"" fill=""#FFA07A""/>\n<path d=""M240 440 L260 440 L255 455 L245 455 Z"" fill=""#FFA07A""/>\n<path d=""M200 150 L400 150 L420 170 L380 170 Z"" fill=""#8B4513""/>\n<path d=""M200 170 L400 170 L420 190 L380 190 Z"" fill=""#8B4513""/>\n<path d=""M200 190 L400 190 L420 210 L380 210 Z"" fill=""#8B4513""/>\n<path d=""M200 210 L400 210 L420 230 L380 230 Z"" fill=""#8B4513""/>\n<path d=""M200 230 L400 230 L420 250 L380 250 Z"" fill=""#8B4513""/>\n<path d=""M200 250 L400 250 L420 270 L380 270 Z"" fill=""#8B4513""/>\n<path d=""M200 270 L400 270 L420 290 L380 290 Z"" fill=""#8B4513""/>\n<path d=""M200 290 L400 290 L420 310 L380 310 Z"" fill=""#8B4513""/>\n<path d=""M200 310 L400 310 L420 330 L380 330 Z"" fill=""#8B4513""/>\n<path d=""M200 330 L400 330 L420 350 L380 350 Z"" fill=""#8B4513""/>\n<path d=""M200 350 L400 350 L420 370 L380 370 Z"" fill=""#8B4513""/>\n<path d=""M200 370 L400 370 L420 390 L380 390 Z"" fill=""#8B4513""/>\n<path d=""M200 390 L400 390 L420 410 L380 410 Z"" fill=""#8B4513""/>\n<path d=""M200 410 L400 410 L420 430 L380 430 Z"" fill=""#8B4513""/>\n<path d=""M200 430 L400 430 L420 450 L380 450 Z"" fill=""#8B4513""/>\n<path d=""M300 200 L320 200 L315 215 L295 215 Z"" fill=""#FFD700""/>\n<path d=""M320 220 L340 220 L335 235 L325 235 Z"" fill=""#FFD700""/>\n<path d=""M340 240 L360 240 L355 255 L345 255 Z"" fill=""#FFD700""/>\n<path d=""M360 260 L380 260 L375 275 L365 275 Z"" fill=""#FFD700""/>\n<path d=""M220 220 L240 220 L235 235 L225 235 Z"" fill=""#FFD700""/>\n<path d=""M240 240 L260 240 L255 255 L245 255 Z"" fill=""#FFD700""/>\n<path d=""M260 260 L280 260 L275 275 L265 275 Z"" fill=""#FFD700""/>\n<path d=""M280 280 L300 280 L295 295 L285 295 Z"" fill=""#FFD700""/>\n<path d=""M300 300 L320 300 L315 315 L295 315 Z"" fill=""#FFD700""/>\n<path d=""M320 320 L340 320 L335 335 L325 335 Z"" fill=""#FFD700""/>\n<path d=""M340 340 L360 340 L355 355 L345 355 Z"" fill=""#FFD700""/>\n<path d=""M360 360 L380 360 L375 375 L365 375 Z"" fill=""#FFD700""/>\n</svg>\n</generated_svg>\n            ', 'role': 'assistant'}]"
thesantatitan_deepseek-svg-dataset_0001179,prompt,thesantatitan/deepseek-svg-dataset,"Generate svg code for an image that looks like: the x logo. Don't use markdown just give svg code
","
<think>

Okay, so I need to generate SVG code for an image that looks like the X logo. Hmm, I don't remember exactly what the X logo looks like, but I know it's a common cross shape. Let me think about how to approach this.

First, SVG stands for Scalable Vector Graphics, so it uses XML-based code to create vector images. I remember that basic shapes can be created using tags like <rect>, <circle>, etc. Since the X logo is an 'X', it's probably made up of two diagonal lines crossing each other.

Wait, but lines can be created using the <line> tag, or perhaps using paths with the <path> tag. I'm not entirely sure which is better for this purpose. Maybe using lines is simpler. Each line would have a starting point and an ending point.

Alternatively, I could create an 'X' using two <rect> elements placed diagonally, but that might be more complex. Maybe lines are easier. So, I'll go with the <line> approach.

I need to set the stroke color. The X logo is typically white, I think, but just in case, I'll double-check. Assuming it's white, the stroke will be white, and the fill is probably none since it's just lines.

So, each line would have x1, y1, x2, y2 attributes. For example, one line goes from the top-left corner to the bottom-right corner, and the other from the top-right to the bottom-left.

Wait, but the exact positions need to be calculated. I should decide on the dimensions of the SVG. Maybe 200x200 pixels to make it visible, but I can adjust that later.

Let me sketch this out. If the SVG is 200x200, then one line goes from (0,0) to (200,200), and another from (200,0) to (0,200). That should create an 'X' shape.

Wait, no, perhaps that's correct. Alternatively, I could position the lines from -50 to +50 if the SVG is centered, but maybe I should keep it simple.

Another consideration: the stroke width. The X logo typically has a certain thickness. Let's set the stroke width to something like 20 pixels to make it bold, similar to some logos.

So, putting it all together, I'll create two <line> elements inside the SVG. Each line has its x1, y1, x2, y2, stroke, and strokeWidth attributes set appropriately.

I think that's about it. Let me write the code.

Wait, but I should probably also include a viewBox to ensure it's scalable. The viewBox attribute defines the aspect ratio and scaling. For a square, it would be ""0 0 200 200"". That should make the SVG maintain its aspect ratio when scaled.

So, the full code would start with <svg> tag, include the viewBox, then the two lines, each within a <g> tag for grouping, maybe. Alternatively, they can be placed directly inside the SVG.

Wait, in the example I provided earlier, the SVG has two lines each nested within a <g> tag. Is that necessary? Maybe not, but it's good practice to group elements for better structure.

Wait, but I think in my initial example, the lines are just inside the SVG without grouping. Maybe I should stick to that for simplicity.

So, final steps: create an SVG with a specified width and height, include two lines with appropriate attributes to form an 'X', set the stroke color and width, and include the viewBox for scaling.

I think I've covered all the necessary parts. Now, I'll write the SVG code accordingly.

</think>
<generated_svg>
<svg width=""200"" height=""200"" viewBox=""0 0 200 200"" xmlns=""http://www.w3.org/2000/svg"">
  <line x1=""0"" y1=""0"" x2=""200"" y2=""200"" stroke=""white"" strokeWidth=""20""/>
  <line x1=""200"" y1=""0"" x2=""0"" y2=""200"" stroke=""white"" strokeWidth=""20""/>
</svg>
</generated_svg>
            ","[{'content': 'Respond in the following format:\n<think>\n...\n</think>\n...\n<generated_svg>\n...\n</generated_svg>\n', 'role': 'system'}
 {'content': ""Generate svg code for an image that looks like: the x logo. Don't use markdown just give svg code\n"", 'role': 'user'}
 {'content': '\n<think>\n\nOkay, so I need to generate SVG code for an image that looks like the X logo. Hmm, I don\'t remember exactly what the X logo looks like, but I know it\'s a common cross shape. Let me think about how to approach this.\n\nFirst, SVG stands for Scalable Vector Graphics, so it uses XML-based code to create vector images. I remember that basic shapes can be created using tags like <rect>, <circle>, etc. Since the X logo is an \'X\', it\'s probably made up of two diagonal lines crossing each other.\n\nWait, but lines can be created using the <line> tag, or perhaps using paths with the <path> tag. I\'m not entirely sure which is better for this purpose. Maybe using lines is simpler. Each line would have a starting point and an ending point.\n\nAlternatively, I could create an \'X\' using two <rect> elements placed diagonally, but that might be more complex. Maybe lines are easier. So, I\'ll go with the <line> approach.\n\nI need to set the stroke color. The X logo is typically white, I think, but just in case, I\'ll double-check. Assuming it\'s white, the stroke will be white, and the fill is probably none since it\'s just lines.\n\nSo, each line would have x1, y1, x2, y2 attributes. For example, one line goes from the top-left corner to the bottom-right corner, and the other from the top-right to the bottom-left.\n\nWait, but the exact positions need to be calculated. I should decide on the dimensions of the SVG. Maybe 200x200 pixels to make it visible, but I can adjust that later.\n\nLet me sketch this out. If the SVG is 200x200, then one line goes from (0,0) to (200,200), and another from (200,0) to (0,200). That should create an \'X\' shape.\n\nWait, no, perhaps that\'s correct. Alternatively, I could position the lines from -50 to +50 if the SVG is centered, but maybe I should keep it simple.\n\nAnother consideration: the stroke width. The X logo typically has a certain thickness. Let\'s set the stroke width to something like 20 pixels to make it bold, similar to some logos.\n\nSo, putting it all together, I\'ll create two <line> elements inside the SVG. Each line has its x1, y1, x2, y2, stroke, and strokeWidth attributes set appropriately.\n\nI think that\'s about it. Let me write the code.\n\nWait, but I should probably also include a viewBox to ensure it\'s scalable. The viewBox attribute defines the aspect ratio and scaling. For a square, it would be ""0 0 200 200"". That should make the SVG maintain its aspect ratio when scaled.\n\nSo, the full code would start with <svg> tag, include the viewBox, then the two lines, each within a <g> tag for grouping, maybe. Alternatively, they can be placed directly inside the SVG.\n\nWait, in the example I provided earlier, the SVG has two lines each nested within a <g> tag. Is that necessary? Maybe not, but it\'s good practice to group elements for better structure.\n\nWait, but I think in my initial example, the lines are just inside the SVG without grouping. Maybe I should stick to that for simplicity.\n\nSo, final steps: create an SVG with a specified width and height, include two lines with appropriate attributes to form an \'X\', set the stroke color and width, and include the viewBox for scaling.\n\nI think I\'ve covered all the necessary parts. Now, I\'ll write the SVG code accordingly.\n\n</think>\n<generated_svg>\n<svg width=""200"" height=""200"" viewBox=""0 0 200 200"" xmlns=""http://www.w3.org/2000/svg"">\n  <line x1=""0"" y1=""0"" x2=""200"" y2=""200"" stroke=""white"" strokeWidth=""20""/>\n  <line x1=""200"" y1=""0"" x2=""0"" y2=""200"" stroke=""white"" strokeWidth=""20""/>\n</svg>\n</generated_svg>\n            ', 'role': 'assistant'}]"
thesantatitan_deepseek-svg-dataset_0001432,prompt,thesantatitan/deepseek-svg-dataset,"Generate svg code for an image that looks like: beer mug with beer and coins. Don't use markdown just give svg code
","
<think>

Alright, I need to generate SVG code for a beer mug with beer and coins. Let's break it down step by step.

First, I'll start by setting up the basic SVG structure. I'll define the width and height, and set the viewBox to ensure it's responsive. Adding a title and description will help with accessibility and metadata.

Next, I'll create the beer mug. It should have a handle, so I'll use a rectangle for the handle and a path for the mug itself. The handle will be a simple rectangle placed on the side. The mug body will be a rounded shape, using bezier curves to give it a realistic look.

For the beer inside, a rectangular shape with a slight transparency should suffice. It represents the liquid without being too detailed. I'll position it inside the mug, leaving space at the top.

Now, the coins. I'll place three coins inside the mug. Each coin will be a circle with a gradient fill to give it a metallic appearance. Using radial gradients will make them look more three-dimensional. I'll position them at different heights to create a natural-looking arrangement.

Adding highlights to the mug will give it a shiny appearance. I'll use small circles with gradient fills and semi-transparent overlay to achieve this effect without making it look too complex.

Finally, I'll include some accessibility features like a hidden text element describing the image. This ensures that screen readers can interpret the SVG correctly.

Throughout the process, I'll make sure the SVG is scalable and looks good at any size. Using simple shapes and gradients helps keep the code clean and efficient. Testing each element as I go will ensure everything aligns correctly and looks cohesive when combined.

</think>
<generated_svg>
<svg width=""400"" height=""400"" viewBox=""0 0 200 200"" xmlns=""http://www.w3.org/2000/svg"">
  <title>Beer Mug with Beer and Coins</title>
  <desc>A SVG illustration of a beer mug with beer and coins inside</desc>
  
  <!-- Beer Mug Body -->
  <path fill=""#8B4513"" d=""M100 80 
                            Q 140 80 160 100 
                            Q 165 115 160 130 
                            Q 150 150 125 155 
                            Q 100 160 75 155 
                            Q 60 145 55 120 
                            Q 55 90 80 85 
                            Z""/>
  
  <!-- Handle -->
  <rect x=""70"" y=""85"" width=""60"" height=""30"" rx=""15"" fill=""#8B4513""/>
  
  <!-- Beer Inside -->
  <rect x=""85"" y=""95"" width=""30"" height=""40"" fill=""#469B58"" opacity=""0.8""/>
  
  <!-- Coins -->
  <circle cx=""120"" cy=""115"" r=""7"" fill=""url(#coinGradient)""/>
  <circle cx=""110"" cy=""105"" r=""6"" fill=""url(#coinGradient)""/>
  <circle cx=""95"" cy=""125"" r=""8"" fill=""url(#coinGradient)""/>
  
  <!-- Coin Gradient -->
  <defs>
    <radialGradient id=""coinGradient"" cx=""50%"" cy=""50%"" r=""50%"">
      <stop offset=""0%"" style=""stop-color:#ffd700;stop-opacity:1""/>
      <stop offset=""100%"" style=""stop-color:#daa520;stop-opacity:1""/>
    </radialGradient>
  </defs>
  
  <!-- Highlights -->
  <circle cx=""125"" cy=""100"" r=""3"" fill=""url(#highlightGradient)"" opacity=""0.5""/>
  <circle cx=""130"" cy=""95"" r=""3"" fill=""url(#highlightGradient)"" opacity=""0.5""/>
  
  <!-- Highlight Gradient -->
  <defs>
    <radialGradient id=""highlightGradient"" cx=""50%"" cy=""50%"" r=""50%"">
      <stop offset=""0%"" style=""stop-color:#ffffff;stop-opacity:1""/>
      <stop offset=""100%"" style=""stop-color:#ffffff;stop-opacity:0""/>
    </radialGradient>
  </defs>
  
  <!-- Accessibility Text -->
  <text x=""-100"" y=""-100"" fill=""transparent"">Beer Mug with Beer Coins SVG</text>
</svg>
</generated_svg>
            ","[{'content': 'Respond in the following format:\n<think>\n...\n</think>\n...\n<generated_svg>\n...\n</generated_svg>\n', 'role': 'system'}
 {'content': ""Generate svg code for an image that looks like: beer mug with beer and coins. Don't use markdown just give svg code\n"", 'role': 'user'}
 {'content': '\n<think>\n\nAlright, I need to generate SVG code for a beer mug with beer and coins. Let\'s break it down step by step.\n\nFirst, I\'ll start by setting up the basic SVG structure. I\'ll define the width and height, and set the viewBox to ensure it\'s responsive. Adding a title and description will help with accessibility and metadata.\n\nNext, I\'ll create the beer mug. It should have a handle, so I\'ll use a rectangle for the handle and a path for the mug itself. The handle will be a simple rectangle placed on the side. The mug body will be a rounded shape, using bezier curves to give it a realistic look.\n\nFor the beer inside, a rectangular shape with a slight transparency should suffice. It represents the liquid without being too detailed. I\'ll position it inside the mug, leaving space at the top.\n\nNow, the coins. I\'ll place three coins inside the mug. Each coin will be a circle with a gradient fill to give it a metallic appearance. Using radial gradients will make them look more three-dimensional. I\'ll position them at different heights to create a natural-looking arrangement.\n\nAdding highlights to the mug will give it a shiny appearance. I\'ll use small circles with gradient fills and semi-transparent overlay to achieve this effect without making it look too complex.\n\nFinally, I\'ll include some accessibility features like a hidden text element describing the image. This ensures that screen readers can interpret the SVG correctly.\n\nThroughout the process, I\'ll make sure the SVG is scalable and looks good at any size. Using simple shapes and gradients helps keep the code clean and efficient. Testing each element as I go will ensure everything aligns correctly and looks cohesive when combined.\n\n</think>\n<generated_svg>\n<svg width=""400"" height=""400"" viewBox=""0 0 200 200"" xmlns=""http://www.w3.org/2000/svg"">\n  <title>Beer Mug with Beer and Coins</title>\n  <desc>A SVG illustration of a beer mug with beer and coins inside</desc>\n  \n  <!-- Beer Mug Body -->\n  <path fill=""#8B4513"" d=""M100 80 \n                            Q 140 80 160 100 \n                            Q 165 115 160 130 \n                            Q 150 150 125 155 \n                            Q 100 160 75 155 \n                            Q 60 145 55 120 \n                            Q 55 90 80 85 \n                            Z""/>\n  \n  <!-- Handle -->\n  <rect x=""70"" y=""85"" width=""60"" height=""30"" rx=""15"" fill=""#8B4513""/>\n  \n  <!-- Beer Inside -->\n  <rect x=""85"" y=""95"" width=""30"" height=""40"" fill=""#469B58"" opacity=""0.8""/>\n  \n  <!-- Coins -->\n  <circle cx=""120"" cy=""115"" r=""7"" fill=""url(#coinGradient)""/>\n  <circle cx=""110"" cy=""105"" r=""6"" fill=""url(#coinGradient)""/>\n  <circle cx=""95"" cy=""125"" r=""8"" fill=""url(#coinGradient)""/>\n  \n  <!-- Coin Gradient -->\n  <defs>\n    <radialGradient id=""coinGradient"" cx=""50%"" cy=""50%"" r=""50%"">\n      <stop offset=""0%"" style=""stop-color:#ffd700;stop-opacity:1""/>\n      <stop offset=""100%"" style=""stop-color:#daa520;stop-opacity:1""/>\n    </radialGradient>\n  </defs>\n  \n  <!-- Highlights -->\n  <circle cx=""125"" cy=""100"" r=""3"" fill=""url(#highlightGradient)"" opacity=""0.5""/>\n  <circle cx=""130"" cy=""95"" r=""3"" fill=""url(#highlightGradient)"" opacity=""0.5""/>\n  \n  <!-- Highlight Gradient -->\n  <defs>\n    <radialGradient id=""highlightGradient"" cx=""50%"" cy=""50%"" r=""50%"">\n      <stop offset=""0%"" style=""stop-color:#ffffff;stop-opacity:1""/>\n      <stop offset=""100%"" style=""stop-color:#ffffff;stop-opacity:0""/>\n    </radialGradient>\n  </defs>\n  \n  <!-- Accessibility Text -->\n  <text x=""-100"" y=""-100"" fill=""transparent"">Beer Mug with Beer Coins SVG</text>\n</svg>\n</generated_svg>\n            ', 'role': 'assistant'}]"
thesantatitan_deepseek-svg-dataset_0002981,prompt,thesantatitan/deepseek-svg-dataset,"Generate svg code for an image that looks like: a mask icon. Don't use markdown just give svg code
","
<think>

Alright, so the user wants an SVG code for a mask icon. They specified not to use markdown, just the SVG code. Let me think about how to approach this.

First, I need to visualize what a mask icon looks like. Typically, it's a simple shape, maybe a circle or a face outline with some lines to represent the mask covering the nose and mouth.

I'll start by setting up the basic SVG structure. The viewBox should be something standard like 0 0 24 24 to make it scalable. I'll use a circle for the face, positioned in the center with a reasonable radius.

Next, I'll add paths to create the mask lines. The mask usually has lines across the eyes, across the nose, and a curve for the mouth area. Each path will have appropriate stroke properties to ensure the lines are visible but not too thick.

I'll make sure the paths are grouped under a <g> tag for better organization. Adding stroke-linecap=""round"" will give the lines a slightly rounded end, making the icon look cleaner.

I should check the coordinates to ensure everything is centered and doesn't go out of bounds. The lines should be symmetrical for a balanced look.

Finally, I'll present the SVG code neatly without any markdown, just as the user requested. That should do it.

</think>
<generated_svg>
<svg xmlns=""http://www.w3.org/2000/svg"" viewBox=""0 0 24 24"" width=""24"" height=""24"">
  <path d=""M12 6a3 3 0 003-3 3 3 0 000 6 3 3 0 00-3-3zm0 6.84c1.75 0 3.5.5 4.895 1.318 1.489.816 2.412 1.96 2.406 3.416-.005 1.456-.813 2.6-2.406 3.415-1.395.816-3.146 1.318-4.895 1.318-1.75 0-3.5-.5-4.895-1.318C2.813 14.766 2 13.556 2 12c0-1.556.813-2.766 2.406-3.415 1.395-.816 3.146-1.318 4.895-1.318zm0-6a3 3 0 003-3 3 3 0 000 6 3 3 0 00-3-3zm0 6.84c1.75 0 3.5.5 4.895 1.318 1.489.816 2.412 1.96 2.406 3.416-.005 1.456-.813 2.6-2.406 3.415-1.395.816-3.146 1.318-4.895 1.318-1.75 0-3.5-.5-4.895-1.318C2.813 14.766 2 13.556 2 12c0-1.556.813-2.766 2.406-3.415 1.395-.816 3.146-1.318 4.895-1.318z"" fill=""currentColor""/>
</svg>
</generated_svg>
            ","[{'content': 'Respond in the following format:\n<think>\n...\n</think>\n...\n<generated_svg>\n...\n</generated_svg>\n', 'role': 'system'}
 {'content': ""Generate svg code for an image that looks like: a mask icon. Don't use markdown just give svg code\n"", 'role': 'user'}
 {'content': '\n<think>\n\nAlright, so the user wants an SVG code for a mask icon. They specified not to use markdown, just the SVG code. Let me think about how to approach this.\n\nFirst, I need to visualize what a mask icon looks like. Typically, it\'s a simple shape, maybe a circle or a face outline with some lines to represent the mask covering the nose and mouth.\n\nI\'ll start by setting up the basic SVG structure. The viewBox should be something standard like 0 0 24 24 to make it scalable. I\'ll use a circle for the face, positioned in the center with a reasonable radius.\n\nNext, I\'ll add paths to create the mask lines. The mask usually has lines across the eyes, across the nose, and a curve for the mouth area. Each path will have appropriate stroke properties to ensure the lines are visible but not too thick.\n\nI\'ll make sure the paths are grouped under a <g> tag for better organization. Adding stroke-linecap=""round"" will give the lines a slightly rounded end, making the icon look cleaner.\n\nI should check the coordinates to ensure everything is centered and doesn\'t go out of bounds. The lines should be symmetrical for a balanced look.\n\nFinally, I\'ll present the SVG code neatly without any markdown, just as the user requested. That should do it.\n\n</think>\n<generated_svg>\n<svg xmlns=""http://www.w3.org/2000/svg"" viewBox=""0 0 24 24"" width=""24"" height=""24"">\n  <path d=""M12 6a3 3 0 003-3 3 3 0 000 6 3 3 0 00-3-3zm0 6.84c1.75 0 3.5.5 4.895 1.318 1.489.816 2.412 1.96 2.406 3.416-.005 1.456-.813 2.6-2.406 3.415-1.395.816-3.146 1.318-4.895 1.318-1.75 0-3.5-.5-4.895-1.318C2.813 14.766 2 13.556 2 12c0-1.556.813-2.766 2.406-3.415 1.395-.816 3.146-1.318 4.895-1.318zm0-6a3 3 0 003-3 3 3 0 000 6 3 3 0 00-3-3zm0 6.84c1.75 0 3.5.5 4.895 1.318 1.489.816 2.412 1.96 2.406 3.416-.005 1.456-.813 2.6-2.406 3.415-1.395.816-3.146 1.318-4.895 1.318-1.75 0-3.5-.5-4.895-1.318C2.813 14.766 2 13.556 2 12c0-1.556.813-2.766 2.406-3.415 1.395-.816 3.146-1.318 4.895-1.318z"" fill=""currentColor""/>\n</svg>\n</generated_svg>\n            ', 'role': 'assistant'}]"
thesantatitan_deepseek-svg-dataset_0003803,prompt,thesantatitan/deepseek-svg-dataset,"Generate svg code for an image that looks like: the logo for the airbn. Don't use markdown just give svg code
","
<think>

Okay, the user is asking for SVG code that looks like the Airbnb logo. They specifically don't want markdown, just the SVG code. Hmm, I remember Airbnb's logo is an abstract representation of a house with a tree on top, all in red. I need to create that using SVG elements.

First, I should set up the SVG canvas. The width and height should be appropriate, maybe 128x128 since it's a common size for logos. The viewBox is important for scaling, so I'll set that from 0,0 to 128,128.

Now, the main elements: the house and the tree. The house has a pitched roof, so I can draw a polygon for that. The walls can be rectangles. I'll need to position them correctly so they form a house shape.

The tree on top has leaves and a trunk. For the leaves, maybe a path with rounded edges to look like a spruce. The trunk is a simple rectangle.

Colors are crucial. The background should be red, so I'll set the fill for the main elements to #ff3860. I'll make sure each part of the house and tree is filled properly.

Putting it all together, I'll write the SVG code with each element in the correct order. I should test it in an SVG viewer to ensure it looks right, but since I can't do that now, I'll double-check each part's attributes to make sure they align and scale correctly.

Finally, I'll present the code within the specified <generated_svg> tags without any markdown, as the user requested. I hope this matches what they're looking for.

</think>
<generated_svg>
<svg width=""128"" height=""128"" viewBox=""0 0 128 128"" fill=""none"" xmlns=""http://www.w3.org/2000/svg"">
<path d=""M80.89 40.1l-.85 1h-17.5l-.77 1H43.5l-1.1 1.6h-3.2l-1.1-1.6h-10.9L19.7 40.1h10.9l-.4-1 2.3-4.8h22.9l2.3 4.8-1.3 1h-1.1l.4-1h16.1l-.4 1h1.1l1.3-1h1.5l-.77 1h17.5l-.85-1h10.3l1.3 1h1.1l-.4-1h-16.8l-2.3-4.8H4.6l-2.3 4.8h-10V61h28.5l-.77-1h-22.1l1.3 1h10.1l-.4-1h-9.6l-.77 1h-29.5l1.3-1h10.5l-.4-1h-10.5l1.3 1h29.5l-.77-1h9.6l-.4 1h10.1l-1.3-1h22.1l.77 1h-28.5v-9.1h53.6l-.77-1h-21.5l1.3 1h10.1l-.4-1h-9.5l-.77 1h-30.9l1.3-1h10.4l-.4 1h-10.4l1.3 1h30.9l-.77-1h9.5l-.4 1h10.1l-1.3-1h21.5l.77 1h-53.6v9.1Z"" fill=""#ff3860""/>
</svg>
</generated_svg>
            ","[{'content': 'Respond in the following format:\n<think>\n...\n</think>\n...\n<generated_svg>\n...\n</generated_svg>\n', 'role': 'system'}
 {'content': ""Generate svg code for an image that looks like: the logo for the airbn. Don't use markdown just give svg code\n"", 'role': 'user'}
 {'content': '\n<think>\n\nOkay, the user is asking for SVG code that looks like the Airbnb logo. They specifically don\'t want markdown, just the SVG code. Hmm, I remember Airbnb\'s logo is an abstract representation of a house with a tree on top, all in red. I need to create that using SVG elements.\n\nFirst, I should set up the SVG canvas. The width and height should be appropriate, maybe 128x128 since it\'s a common size for logos. The viewBox is important for scaling, so I\'ll set that from 0,0 to 128,128.\n\nNow, the main elements: the house and the tree. The house has a pitched roof, so I can draw a polygon for that. The walls can be rectangles. I\'ll need to position them correctly so they form a house shape.\n\nThe tree on top has leaves and a trunk. For the leaves, maybe a path with rounded edges to look like a spruce. The trunk is a simple rectangle.\n\nColors are crucial. The background should be red, so I\'ll set the fill for the main elements to #ff3860. I\'ll make sure each part of the house and tree is filled properly.\n\nPutting it all together, I\'ll write the SVG code with each element in the correct order. I should test it in an SVG viewer to ensure it looks right, but since I can\'t do that now, I\'ll double-check each part\'s attributes to make sure they align and scale correctly.\n\nFinally, I\'ll present the code within the specified <generated_svg> tags without any markdown, as the user requested. I hope this matches what they\'re looking for.\n\n</think>\n<generated_svg>\n<svg width=""128"" height=""128"" viewBox=""0 0 128 128"" fill=""none"" xmlns=""http://www.w3.org/2000/svg"">\n<path d=""M80.89 40.1l-.85 1h-17.5l-.77 1H43.5l-1.1 1.6h-3.2l-1.1-1.6h-10.9L19.7 40.1h10.9l-.4-1 2.3-4.8h22.9l2.3 4.8-1.3 1h-1.1l.4-1h16.1l-.4 1h1.1l1.3-1h1.5l-.77 1h17.5l-.85-1h10.3l1.3 1h1.1l-.4-1h-16.8l-2.3-4.8H4.6l-2.3 4.8h-10V61h28.5l-.77-1h-22.1l1.3 1h10.1l-.4-1h-9.6l-.77 1h-29.5l1.3-1h10.5l-.4-1h-10.5l1.3 1h29.5l-.77-1h9.6l-.4 1h10.1l-1.3-1h22.1l.77 1h-28.5v-9.1h53.6l-.77-1h-21.5l1.3 1h10.1l-.4-1h-9.5l-.77 1h-30.9l1.3-1h10.4l-.4 1h-10.4l1.3 1h30.9l-.77-1h9.5l-.4 1h10.1l-1.3-1h21.5l.77 1h-53.6v9.1Z"" fill=""#ff3860""/>\n</svg>\n</generated_svg>\n            ', 'role': 'assistant'}]"
thesantatitan_deepseek-svg-dataset_0004060,prompt,thesantatitan/deepseek-svg-dataset,"Generate svg code for an image that looks like: a watch icon with a black background. Don't use markdown just give svg code
","
<think>

Alright, I need to figure out how to create an SVG for a watch icon with a black background. Let's start by breaking down the key elements: a watch face and a strap, both on a black background.

First, I'll consider the watch face. It should be circular, so I'll use a circle element with cx and cy attributes set to 32 for a diameter of 64. The fill should be white to make it stand out against the black background. To give it some depth, I'll add a subtle shadow with an opacity of 0.2, using the same center points.

Next, the strap. It has two parts: the main strap that loops around the watch and the connecting arms. The main strap can be represented with a rectangle. I'll place it above the watch face, centered, with a width of 20 and height of 8. A linear gradient will give it a metallic look, transitioning from gold at the top to darker shades towards the bottom.

The connecting arms are thinner rectangles attached to either end of the strap. I'll position them symmetrically on both sides, each with a width of 8 and height of 8. They'll be filled with a gradient similar to the strap but slightly darker to create a gradient effect.

Now, for the watch face details. I'll add another circle inside the face to create a contrast, using a darker shade of gray. To indicate the time, I'll place three circles—largest for 12 o'clock, medium for 3 and 9, and smallest for 6. This adds a classic watch look.

For the hands, I'll use rectangles rotated at specific angles. A vertical line at the top represents the hour hand, and a diagonal line represents the minute hand. These will be slightly narrower than the hour markers to stand out.

Finally, the background. I'll set a black rectangle covering the entire 64x64 area to ensure the watch stands out. All elements are grouped within a g element for organization, and I'll highlight the watch face again to ensure it's prominent.

Considering all these elements, I'll structure the SVG code, ensuring proper nesting and positioning of each part. I'll test the code to make sure all components are visible and correctly placed, adjusting sizes and positions as needed for a cohesive look.

</think>
<generated_svg><?xml version=""1.0"" encoding=""UTF-8""?>
<svg width=""64"" height=""64"" viewBox=""0 0 64 64"" fill=""none"" xmlns=""http://www.w3.org/2000/svg"">
<path d=""M32 0C14.33 0 0 14.33 0 32C0 49.67 14.33 64 32 64C49.67 64 64 49.67 64 32C64 14.33 49.67 0 32 0ZM28 36C28 36 28 28 36 28C36 28 36 36 32 36C32 36 28 36 28 36Z"" fill=""black""/>
</svg></generated_svg>
            ","[{'content': 'Respond in the following format:\n<think>\n...\n</think>\n...\n<generated_svg>\n...\n</generated_svg>\n', 'role': 'system'}
 {'content': ""Generate svg code for an image that looks like: a watch icon with a black background. Don't use markdown just give svg code\n"", 'role': 'user'}
 {'content': '\n<think>\n\nAlright, I need to figure out how to create an SVG for a watch icon with a black background. Let\'s start by breaking down the key elements: a watch face and a strap, both on a black background.\n\nFirst, I\'ll consider the watch face. It should be circular, so I\'ll use a circle element with cx and cy attributes set to 32 for a diameter of 64. The fill should be white to make it stand out against the black background. To give it some depth, I\'ll add a subtle shadow with an opacity of 0.2, using the same center points.\n\nNext, the strap. It has two parts: the main strap that loops around the watch and the connecting arms. The main strap can be represented with a rectangle. I\'ll place it above the watch face, centered, with a width of 20 and height of 8. A linear gradient will give it a metallic look, transitioning from gold at the top to darker shades towards the bottom.\n\nThe connecting arms are thinner rectangles attached to either end of the strap. I\'ll position them symmetrically on both sides, each with a width of 8 and height of 8. They\'ll be filled with a gradient similar to the strap but slightly darker to create a gradient effect.\n\nNow, for the watch face details. I\'ll add another circle inside the face to create a contrast, using a darker shade of gray. To indicate the time, I\'ll place three circles—largest for 12 o\'clock, medium for 3 and 9, and smallest for 6. This adds a classic watch look.\n\nFor the hands, I\'ll use rectangles rotated at specific angles. A vertical line at the top represents the hour hand, and a diagonal line represents the minute hand. These will be slightly narrower than the hour markers to stand out.\n\nFinally, the background. I\'ll set a black rectangle covering the entire 64x64 area to ensure the watch stands out. All elements are grouped within a g element for organization, and I\'ll highlight the watch face again to ensure it\'s prominent.\n\nConsidering all these elements, I\'ll structure the SVG code, ensuring proper nesting and positioning of each part. I\'ll test the code to make sure all components are visible and correctly placed, adjusting sizes and positions as needed for a cohesive look.\n\n</think>\n<generated_svg><?xml version=""1.0"" encoding=""UTF-8""?>\n<svg width=""64"" height=""64"" viewBox=""0 0 64 64"" fill=""none"" xmlns=""http://www.w3.org/2000/svg"">\n<path d=""M32 0C14.33 0 0 14.33 0 32C0 49.67 14.33 64 32 64C49.67 64 64 49.67 64 32C64 14.33 49.67 0 32 0ZM28 36C28 36 28 28 36 28C36 28 36 36 32 36C32 36 28 36 28 36Z"" fill=""black""/>\n</svg></generated_svg>\n            ', 'role': 'assistant'}]"
